Регион таргетинга;Показы;Клики;Расход (руб.);Конверсия (%);Цена цели (руб.);Конверсии
Абакан;2352;33;706,44;6,06;353,22;2
Азов;488;7;155,68;-;-;-
Актау;47526;200;2381,51;0,5;2381,51;1
Актау и Мангистауская область (более точно регион не определён);4111;11;126,04;-;-;-
Александров;754;12;162,88;-;-;-
Александровский район (более точно регион не определён);396;11;230,7;-;-;-
Алексеевка;450;9;58,83;-;-;-
Алексеевский район (более точно регион не определён);63;1;16,34;-;-;-
Алмалык;4;0;0;-;-;-
Алматы;160785;1047;9732,43;1,05;884,77;11
Алтайский край (более точно регион не определён);3053;90;1698,47;-;-;-
Алушта;744;5;178,28;-;-;-
Альметьевск;968;28;443,98;-;-;-
Амурск;123;3;39,25;-;-;-
Амурский район (более точно регион не определён);27;1;9,95;-;-;-
Анапа;3108;71;1310,68;2,82;655,34;2
Ангарск;1684;36;744,1;-;-;-
Ангрен;7;0;0;-;-;-
Андижан;21;1;24,67;-;-;-
Андижанская область (более точно регион не определён);24;0;0;-;-;-
Анжеро-Судженск;320;5;136,17;20;136,17;1
Апатиты;1122;5;61,56;-;-;-
Апрелевка;214;8;274,01;-;-;-
Арзамас;761;10;419,13;-;-;-
Армавир;1012;22;530,4;-;-;-
Армения (более точно регион не определён);4;0;0;-;-;-
Армянск;141;0;0;-;-;-
Арсеньев;179;5;163,66;-;-;-
Артём;543;26;691,08;-;-;-
Архангельск;4621;77;1683,17;-;-;-
Архангельская область (более точно регион не определён);1949;21;406,55;-;-;-
Асбест;491;7;130,51;-;-;-
Астана;123625;678;6853,37;2,51;403,14;17
Акмолинская область (более точно регион не определён);29310;117;1291,55;3,42;322,89;4
Астрахань;5524;116;2470,31;1,72;1235,15;2
Астраханская область (более точно регион не определён);1062;21;659,21;-;-;-
Атырау;47227;190;1932,29;2,63;386,46;5
Атырау и область (более точно регион не определён);7981;27;214,56;-;-;-
Ахтубинск;239;2;22,59;-;-;-
Ахтубинский район (более точно регион не определён);45;1;0,35;-;-;-
Ачинск;510;7;146,62;-;-;-
Аша;103;2;102,73;-;-;-
Баку;1024989;4291;26032,57;0,28;2169,38;12
Балаково;1679;33;496,94;-;-;-
Балаковский район (более точно регион не определён);40;1;41,04;-;-;-
Балашиха;4796;116;2223,02;0,86;2223,02;1
Балашов;591;12;240,09;-;-;-
Балашовский район (более точно регион не определён);60;1;32,94;-;-;-
Барабинск;100;2;23,32;-;-;-
Барнаул;8058;197;4704,86;0,51;4704,86;1
Батайск;837;20;539,56;-;-;-
Бахчисарай;325;5;36,48;-;-;-
Бахчисарайский район (более точно регион не определён);447;16;448,52;6,25;448,52;1
Бекабад;4;1;19,93;-;-;-
Белая Калитва;267;3;48,21;-;-;-
Белгород;5598;106;2467,59;0,94;2467,59;1
Белгородская область (более точно регион не определён);3384;74;1185,39;-;-;-
Белебеевский район (более точно регион не определён);326;5;164,68;-;-;-
Белебей;500;6;81,43;-;-;-
Белово;342;9;190,78;-;-;-
Белогорск;374;3;30,38;-;-;-
Белокалитвинский район (более точно регион не определён);184;2;19,65;-;-;-
Белоозерский;119;4;62,93;-;-;-
Белорецк;237;4;90,99;-;-;-
Белорецкий район (более точно регион не определён);181;5;129,51;-;-;-
Белореченск;330;13;209,98;-;-;-
Белореченский район (более точно регион не определён);116;3;20,61;-;-;-
Белоярский;68;2;92,2;-;-;-
Бердск;1612;22;594,5;4,55;594,5;1
Березники;1125;26;472,83;-;-;-
Берёзовский (Свердловская область);1080;13;306,52;-;-;-
Берёзовский (Кемеровская область);124;2;20,06;-;-;-
Бийск;1173;11;143,9;-;-;-
Биробиджан;656;21;643,15;4,76;643,15;1
Благовещенск;2781;54;1483,87;1,85;1483,87;1
Амурская область (более точно регион не определён);1247;20;324,07;-;-;-
Богородицк;55;1;6,09;-;-;-
Богородицкий район (более точно регион не определён);35;1;4,34;-;-;-
Бологовский район (более точно регион не определён);12;1;1,86;-;-;-
Бологое;126;1;4,24;-;-;-
Боровичи;526;11;155,97;-;-;-
Боровичский район (более точно регион не определён);17;0;0;-;-;-
Братск;2344;38;687,19;-;-;-
Бронницы;116;2;103,88;-;-;-
Брянск;6120;87;1791,03;1,15;1791,03;1
Брянская область (более точно регион не определён);2511;48;836,98;-;-;-
Бугульма;498;13;139,08;-;-;-
Будённовск;420;8;191,45;-;-;-
Будённовский район (более точно регион не определён);79;0;0;-;-;-
Бузулук;842;14;271,35;-;-;-
Буйнакск;110;3;77,8;-;-;-
Бухара;21;0;0;-;-;-
Бухарская область (более точно регион не определён);37;2;35,56;-;-;-
Валдай;84;3;18,43;-;-;-
Великие Луки;990;13;404,28;-;-;-
Великий Новгород;2858;58;693,19;-;-;-
Новгородская область (более точно регион не определён);1034;17;178,46;-;-;-
Великий Устюг;245;3;100,6;33,33;100,6;1
Верхний Уфалей;150;2;46,98;-;-;-
Верхняя Пышма;1422;20;421,67;5;421,67;1
Верхняя Салда;329;7;97,46;-;-;-
Видное;944;24;627,93;4,17;627,93;1
Владивосток;7215;160;3400,63;0,62;3400,63;1
Владикавказ;3748;75;1319,89;-;-;-
Владимир;6200;102;2353,05;0,98;2353,05;1
Владимирская область (более точно регион не определён);3217;60;962,75;-;-;-
Вознесенье;6;0;0;-;-;-
Волгоград;11405;174;3388,9;1,15;1694,45;2
Волгоградская область (более точно регион не определён);3917;71;1369,93;-;-;-
Волгодонск;1628;33;820,73;-;-;-
Волжск;341;7;180,27;-;-;-
Волжский;2759;47;964,42;-;-;-
Вологда;4153;121;3255,64;1,65;1627,82;2
Вологодская область (более точно регион не определён);2180;49;890,51;-;-;-
Волоколамск;221;3;58,83;-;-;-
Волоколамский район (более точно регион не определён);191;7;289,54;-;-;-
Волхов;317;6;115,12;-;-;-
Волховский район (более точно регион не определён);129;2;14,74;-;-;-
Воркута;871;9;233,87;-;-;-
Воронеж;13894;330;8658,79;0,61;4329,39;2
Воронежская область (более точно регион не определён);5227;97;1579,09;2,06;789,54;2
Воскресенск;433;10;148,54;-;-;-
Воскресенский район (более точно регион не определён);343;7;65,82;-;-;-
Восточно-Казахстанская область (более точно регион не определён);24786;83;775,61;1,2;775,61;1
Воткинск;485;9;220,24;-;-;-
Всеволожск;924;19;231,46;-;-;-
Всеволожский район (более точно регион не определён);4774;94;1712,9;-;-;-
Выборг;674;11;213,88;-;-;-
Выборгский район (более точно регион не определён);1121;23;690,36;-;-;-
Выкса;382;2;74,72;-;-;-
Вышний Волочёк;276;8;84,84;-;-;-
Вяземский район (более точно регион не определён);65;2;11,67;-;-;-
Вязьма;232;9;123,45;-;-;-
Вятские Поляны;266;6;50,53;-;-;-
Гагарин;168;3;80,85;-;-;-
Гагаринский район (более точно регион не определён);78;2;4,65;-;-;-
Гай;237;1;12,06;-;-;-
Гатчина;1003;19;474,79;-;-;-
Гатчинский район (более точно регион не определён);1000;22;499,3;-;-;-
Геленджик;2192;45;1115,66;2,22;1115,66;1
Георгиевск;758;9;122,71;-;-;-
Глазов;697;11;121,81;-;-;-
Голицыно;213;8;107,86;-;-;-
Горно-Алтайск;551;15;285,57;-;-;-
Богородский (городской округ) (более точно регион не определён);809;22;530,84;-;-;-
Егорьевск (городской округ) (более точно регион не определён);100;2;46,21;-;-;-
Зарайск (городской округ) (более точно регион не определён);18;0;0;-;-;-
Истра (городской округ) (более точно регион не определён);1672;39;1035,14;-;-;-
Кашира (городской округ) (более точно регион не определён);37;3;80,13;-;-;-
Клин (городской округ) (более точно регион не определён);269;4;84,64;-;-;-
Красногорск (городской округ) (более точно регион не определён);1317;34;867,97;-;-;-
Луховицы (городской округ) (более точно регион не определён);50;0;0;-;-;-
Люберцы (городской округ) (более точно регион не определён);1515;37;734,11;-;-;-
Можайский (городской округ) (более точно регион не определён);288;11;111,4;-;-;-
Мытищи (городской округ) (более точно регион не определён);1139;36;985,03;5,56;492,51;2
Павловский Посад (городской округ) (более точно регион не определён);131;3;28,82;-;-;-
Ступино (городской округ) (более точно регион не определён);343;7;130,74;-;-;-
Чехов (городской округ) (более точно регион не определён);771;13;382,02;-;-;-
Шатура (городской округ) (более точно регион не определён);252;11;69,39;-;-;-
Грозный;1895;47;1169,16;-;-;-
Губкин;762;15;352,8;6,67;352,8;1
Губкинский;297;7;239,3;-;-;-
Гуково;176;5;74,4;-;-;-
Гусь-Хрустальный;396;8;75,23;-;-;-
Гюмри;11;3;65,78;-;-;-
Дальний Восток (более точно регион не определён);282;2;43,96;-;-;-
Дальнегорск;130;3;53,14;-;-;-
Дедовск;209;3;25,64;-;-;-
Денау;3;0;0;-;-;-
Денауский район (более точно регион не определён);4;0;0;-;-;-
Дербент;444;5;80,9;-;-;-
Джанкой;291;0;0;-;-;-
Джизак;21;3;31,09;-;-;-
Джизакская область (более точно регион не определён);6;0;0;-;-;-
Дзержинск (Нижегородская область);2198;34;555,07;-;-;-
Дзержинский;475;13;317,45;-;-;-
Димитровград;1256;26;309,1;-;-;-
Дмитров;595;25;495,51;-;-;-
Дмитровский городской округ (более точно регион не определён);1179;29;883,24;-;-;-
Долгопрудный;959;22;606,46;-;-;-
Домодедово;1577;37;657,51;-;-;-
Дубна;1097;32;744,52;6,25;372,26;2
Душанбе;78;1;12,09;-;-;-
Евпатория;2221;51;1034,53;1,96;1034,53;1
Еврейская автономная область (более точно регион не определён);189;4;94,21;-;-;-
Егорьевск;427;3;53,86;-;-;-
Ейск;980;17;215,98;-;-;-
Ейский район (более точно регион не определён);225;5;99,43;-;-;-
Екатеринбург;25438;601;15501,65;1,83;1409,24;11
Свердловская область (более точно регион не определён);7048;169;4008,51;1,18;2004,26;2
Елец;817;13;195,77;-;-;-
Енбекшиказахский район;3324;14;87,63;-;-;-
Енисейск;90;1;19,7;-;-;-
Ереван;106;9;286,21;-;-;-
Ессентуки;2042;57;1702,56;-;-;-
Ефремов;411;8;134,43;-;-;-
Жамбылский район;1666;3;59,73;-;-;-
Жанаозен;5023;14;210,98;-;-;-
Жезказган;12665;63;593,53;-;-;-
Железногорск;757;15;205,29;-;-;-
Железногорск;705;9;73,62;11,11;73,62;1
Жигулёвск;515;0;0;-;-;-
Жуковский;1213;29;529,85;-;-;-
Забайкальский край (более точно регион не определён);1887;41;822,09;-;-;-
Зарайск;162;6;49,86;-;-;-
Заринск;102;0;0;-;-;-
Звенигород;484;12;213,97;-;-;-
Зеленогорск;477;10;102,06;-;-;-
Зеленоград;1152;33;595,87;-;-;-
Зеленоградск;439;12;398,33;8,33;398,33;1
Златоуст;1020;29;595,7;-;-;-
Иваново;4228;79;1554,18;-;-;-
Ивановская область (более точно регион не определён);1883;38;1035,2;2,63;1035,2;1
Ивантеевка;631;10;220,72;-;-;-
Ижевск;8242;183;4423,28;2,19;1105,82;4
Избербаш;323;12;278,33;8,33;278,33;1
Илийский район;7192;37;378,8;2,7;378,8;1
Инта;181;1;71,9;-;-;-
Иркутск;9866;161;3924,47;1,24;1962,23;2
Иркутская область (более точно регион не определён);4304;72;1151,92;-;-;-
Искитим;254;4;40,82;-;-;-
Истра;444;8;138,45;-;-;-
Ишим;204;4;89,29;-;-;-
Ишимбай;223;3;75,54;33,33;75,54;1
Ишимбайский район (более точно регион не определён);42;2;17,04;-;-;-
Йошкар-Ола;3180;66;1397,83;1,52;1397,83;1
Кабардино-Балкарская Республика (более точно регион не определён);1326;26;511,29;7,69;255,64;2
Кавказский район (более точно регион не определён);93;1;1,96;-;-;-
Казань;10445;240;6760,53;0,83;3380,26;2
Казахстан (более точно регион не определён);70388;415;3873,58;0,24;3873,58;1
Казыгуртский район;483;5;99,56;-;-;-
Калининград;8808;131;2626,8;3,82;525,36;5
Калининградская область (более точно регион не определён);3633;67;1896,07;4,48;632,02;3
Калуга;4585;88;1611,25;1,14;1611,25;1
Калужская область (более точно регион не определён);3236;60;1666,32;3,33;833,16;2
Каменск-Уральский;1371;23;456,21;-;-;-
Каменск-Шахтинский;481;10;119,59;10;119,59;1
Камчатский край (более точно регион не определён);872;22;445,03;-;-;-
Камышин;753;11;186,04;-;-;-
Кандалакша;253;4;16,41;-;-;-
Кандалакшский район (более точно регион не определён);60;1;20,45;-;-;-
Караганда;63042;312;3223,42;2,56;402,93;8
Караганда и область (более точно регион не определён);22357;92;699,86;-;-;-
Карасайский район;8874;41;536,62;-;-;-
Карасук;108;7;14,43;-;-;-
Карачаево-Черкесская Республика (более точно регион не определён);826;18;455,9;-;-;-
Каргасок;70;1;8,15;-;-;-
Карши;12;0;0;-;-;-
Касимов;338;10;240,69;-;-;-
Каспийск;433;6;118,37;-;-;-
Качканар;207;3;112,66;-;-;-
Кашира;307;8;126,86;-;-;-
Кашкадарьинская область (более точно регион не определён);9;3;137,57;-;-;-
Кемерово;5116;103;2337,26;0,97;2337,26;1
Кемеровская область (Кузбасс) (более точно регион не определён);2735;71;1416,33;-;-;-
Керчь;1349;12;137,72;-;-;-
Кизляр;440;6;140,74;-;-;-
Кимры;357;4;127,95;-;-;-
Кингисепп;294;5;54,55;-;-;-
Кингисеппский район (более точно регион не определён);98;3;33,02;-;-;-
Кинешма;452;7;36,24;-;-;-
Киржач;146;2;19,83;-;-;-
Киржачский район (более точно регион не определён);156;3;53,12;-;-;-
Кириши;357;11;174,12;18,18;87,06;2
Киришский район (более точно регион не определён);49;2;8,2;-;-;-
Киров;6424;154;3854,49;1,3;1927,24;2
Кировская область (более точно регион не определён);2181;50;719,75;-;-;-
Кирово-Чепецк;704;12;163,55;-;-;-
Кировск;209;1;4,93;-;-;-
Кировский район (более точно регион не определён);538;13;123,02;-;-;-
Киселёвск;416;4;42,42;-;-;-
Кисловодск;2411;68;1926,11;2,94;963,05;2
Клин;388;9;195,47;-;-;-
Клинцы;329;3;57,68;-;-;-
Ковров;1112;25;486,85;-;-;-
Когалым;469;8;265,83;-;-;-
Кокшетау;15560;58;505,58;-;-;-
Коломна;1371;30;497,56;-;-;-
Колпашево;112;2;19,83;-;-;-
Колпино;423;8;125,7;-;-;-
Колпинский район (более точно регион не определён);181;1;44,65;100;44,65;1
Комсомольск-на-Амуре;1157;18;385,77;-;-;-
Конаково;322;8;87,52;-;-;-
Конаковский район (более точно регион не определён);445;11;232,81;9,09;232,81;1
Кондопога;292;4;101,13;-;-;-
Кондопожский район (более точно регион не определён);70;5;211,54;-;-;-
Копейск;870;19;310,07;-;-;-
Кордайский район;1700;12;103,22;-;-;-
Королёв;2387;50;888,3;-;-;-
Костанай;33538;133;1063,76;-;-;-
Костанай и область (более точно регион не определён);20939;60;677,81;-;-;-
Костомукша;214;6;77,88;-;-;-
Кострома;4299;108;2150,72;0,93;2150,72;1
Костромская область (более точно регион не определён);1864;23;233,99;8,7;116,99;2
Котлас;796;17;294,2;5,88;294,2;1
Красноармейск;179;3;56,42;-;-;-
Красногорск;2877;85;2286,29;-;-;-
Краснодар;15277;329;8314,21;0,61;4157,11;2
Краснодарский край (более точно регион не определён);12860;251;3974,3;-;-;-
Краснознаменск;521;10;275,21;-;-;-
Красноперекопск;164;6;105,89;16,67;105,89;1
Краснотурьинск;398;7;158,18;-;-;-
Красноуфимск;299;9;145,89;-;-;-
Красноярск;11677;248;6236,77;2,02;1247,35;5
Красноярский край (более точно регион не определён);5860;86;1621,26;2,33;810,63;2
Кропоткин;354;8;162,66;-;-;-
Крымск;361;4;25,51;-;-;-
Крымский район (более точно регион не определён);304;5;77,81;-;-;-
Кстово;587;11;140,35;-;-;-
Кстовский район (более точно регион не определён);779;9;284,06;-;-;-
Кубинка;133;1;27,67;-;-;-
Кузнецк;435;6;94,69;-;-;-
Кумертау;350;8;93,38;-;-;-
Курган;3795;54;1388,92;1,85;1388,92;1
Курганская область (более точно регион не определён);1058;28;265,07;-;-;-
Курск;5474;140;3253,48;-;-;-
Курская область (более точно регион не определён);1502;26;358,57;-;-;-
Курчатов;389;11;227,65;-;-;-
Кушва;155;0;0;-;-;-
Кызыл;963;23;1092,84;4,35;1092,84;1
Кызылорда;17720;78;679,29;1,28;679,29;1
Кызылорда и область (более точно регион не определён);4542;11;41,82;-;-;-
Лангепас;203;4;109,04;-;-;-
Ленинск-Кузнецкий;503;9;164,1;-;-;-
Ленинский район (более точно регион не определён);1587;33;1033,8;-;-;-
Ленинский район (более точно регион не определён);363;3;15,69;-;-;-
Лесной;556;9;172,01;-;-;-
Липецк;6024;112;2626,3;-;-;-
Липецкая область (более точно регион не определён);2287;50;1085,74;2;1085,74;1
Лобня;1263;14;121,92;-;-;-
Лосино-Петровский;151;3;10,1;-;-;-
Луга;150;0;0;-;-;-
Лужский район (более точно регион не определён);152;3;68,9;-;-;-
Луховицы;215;3;94,24;-;-;-
Лысьва;335;9;136,51;-;-;-
Лыткарино;469;13;197,03;-;-;-
Люберцы;2105;51;829,86;-;-;-
Магадан;828;19;812,69;-;-;-
Магаданская область (более точно регион не определён);242;0;0;-;-;-
Магас;217;6;122,95;-;-;-
Магнитогорск;3115;72;1798,79;-;-;-
Майкоп;1282;28;523,62;3,57;523,62;1
Мактааральский район;653;4;100,79;-;-;-
Малоярославец;282;4;69,02;-;-;-
Малоярославецкий район (более точно регион не определён);405;5;44,7;-;-;-
Маркс;331;4;57,24;-;-;-
Махачкала;4889;78;2457,07;-;-;-
Мегион;266;13;373,16;-;-;-
Междуреченск;631;9;183,2;-;-;-
Мелеуз;395;8;165,82;-;-;-
Мелеузовский район (более точно регион не определён);166;4;44,29;-;-;-
Миасс;1673;22;418,83;-;-;-
Минеральные Воды;799;17;385,72;-;-;-
Минусинск;543;6;97,91;-;-;-
Михайловка;638;16;206,37;-;-;-
Мичуринск;546;7;66,45;-;-;-
Можайск;252;5;82,03;-;-;-
Мончегорск;405;2;46,21;-;-;-
Москва (более точно регион не определён);132891;3519;88399,22;0,91;2762,48;32
Москва и область (более точно регион не определён);6986;183;3953,76;1,09;1976,88;2
Мунайлинский район;4574;20;125,3;-;-;-
Мурманск;3961;83;1297,6;-;-;-
Мурманская область (более точно регион не определён);2256;44;1027,44;-;-;-
Муром;964;11;171,7;-;-;-
Мыски;330;12;323,31;-;-;-
Мытищи;3023;65;1361,43;3,08;680,72;2
Мышкин;15;1;5,49;-;-;-
Набережные Челны;3185;69;1074,29;-;-;-
Надым;274;11;226,57;-;-;-
Надымский район (более точно регион не определён);53;2;69;-;-;-
Назрань;447;8;185,37;-;-;-
Нальчик;2898;45;916,02;2,22;916,02;1
Наманган;24;0;0;-;-;-
Наманганская область (более точно регион не определён);22;0;0;-;-;-
Наро-Фоминск;348;10;128,94;-;-;-
Наро-Фоминский городской округ (более точно регион не определён);720;23;438,84;-;-;-
Нахабино;544;14;218,99;-;-;-
Находка;1160;15;387,38;26,67;96,85;4
Невельск;447;8;81,22;-;-;-
Невинномысск;1011;14;257,81;-;-;-
Невьянск;118;3;41,88;-;-;-
Нерюнгри;585;13;208,62;15,38;104,31;2
Нерюнгринский район (более точно регион не определён);81;2;80,49;-;-;-
Нефтекамск;845;32;810,33;3,12;810,33;1
Нефтеюганск;1151;34;552,22;-;-;-
Нижневартовск;1795;46;1293,88;-;-;-
Нижнекамск;1106;26;424,11;-;-;-
Нижнеудинск;110;2;11,81;-;-;-
Нижнеудинский район (более точно регион не определён);42;1;3,94;-;-;-
Нижний Новгород;17202;420;10977,01;0,95;2744,25;4
Нижегородская область (более точно регион не определён);6024;105;1996,17;-;-;-
Нижний Тагил;2538;51;862,29;-;-;-
Нижняя Тура;171;2;13,74;-;-;-
Новоалтайск;251;6;60,02;-;-;-
Новодвинск;291;8;233,14;-;-;-
Новокузнецк;4413;78;1707,71;1,28;1707,71;1
Новокуйбышевск;914;18;265,96;-;-;-
Новомосковск;1180;24;529,16;-;-;-
Новороссийск;3078;50;915,7;-;-;-
Новосибирск;21259;355;7954,89;0,85;2651,63;3
Новосибирская область (более точно регион не определён);4760;94;1739,28;-;-;-
Новотроицк;757;13;138,47;-;-;-
Новоульяновск;54;1;6,24;-;-;-
Новоуральск;963;38;828;-;-;-
Новочебоксарск;916;23;480,58;4,35;480,58;1
Новочеркасск;1334;23;367,98;-;-;-
Новошахтинск;359;8;234,15;-;-;-
Новый Уренгой;1013;24;400,25;-;-;-
Ногинск;874;21;429,11;-;-;-
Норильск;1005;19;348,07;-;-;-
Ноябрьск;848;15;326,48;6,67;326,48;1
Нукус;2;0;0;-;-;-
Нягань;564;12;411,84;16,67;205,92;2
Область Арагацотн;8;0;0;-;-;-
Область Арарат;1;0;0;-;-;-
Область Армавир;6;0;0;-;-;-
Область Гехаркуник;7;0;0;-;-;-
Область Жетысу (более точно регион не определён);611;1;4,85;-;-;-
Область Котайк;4;0;0;-;-;-
Область Сюник;1;0;0;-;-;-
Обнинск;2272;40;866,35;2,5;866,35;1
Одинцово;2319;59;1119,18;-;-;-
Одинцовский район (более точно регион не определён);3172;96;2389,06;2,08;1194,53;2
Озёрск;1149;22;390,4;-;-;-
Октябрьский;696;4;105,97;-;-;-
Оленегорск;373;5;35,22;-;-;-
Омск;11496;252;5610,99;2,38;935,17;6
Омская область (более точно регион не определён);1553;21;223,05;-;-;-
Ордабасинский район;665;8;72,2;-;-;-
Орловская область (более точно регион не определён);1953;40;480,56;-;-;-
Оренбург;7714;173;3964,4;0,58;3964,4;1
Оренбургская область (более точно регион не определён);3431;84;1890,55;1,19;1890,55;1
Орехово-Зуево;499;20;281,45;-;-;-
Орск;1289;26;741,03;-;-;-
Орёл;3690;62;1010,73;-;-;-
Осташков;31;1;48,63;-;-;-
Павлово;383;6;127,18;-;-;-
Павловский Посад;290;5;105,82;-;-;-
Павловский район (более точно регион не определён);663;18;526,44;11,11;263,22;2
Павлодар;39392;150;1300,93;0,67;1300,93;1
Павлодар и область (более точно регион не определён);7047;19;149,48;-;-;-
Панфиловский район;2245;11;98,94;-;-;-
Пенза;6765;149;3280,19;1,34;1640,09;2
Пензенская область (более точно регион не определён);2959;61;836,07;-;-;-
Первоуральск;944;19;471,21;5,26;471,21;1
Переславль-Залесский;1047;12;245,68;16,67;122,84;2
Пермский край (более точно регион не определён);5304;105;1972,35;1,9;986,17;2
Пермь;12289;274;7068,13;1,46;1767,03;4
Петрозаводск;3973;68;1200,84;1,47;1200,84;1
Петропавловск;20822;99;812,88;2,02;406,44;2
Петропавловск-Камчатский;2176;39;1076,07;-;-;-
Петушинский район (более точно регион не определён);567;10;115,94;-;-;-
Печора;343;4;187,54;-;-;-
Пионерский;591;4;84,29;-;-;-
Подольск;2489;65;1800,73;1,54;1800,73;1
Подпорожский район (более точно регион не определён);8;0;0;-;-;-
Подпорожье;63;1;6;-;-;-
Покров;76;3;37,32;-;-;-
Полевской;511;11;296,3;-;-;-
Полысаево;80;2;38,11;-;-;-
Поволжье (более точно регион не определён);1092;14;146,66;-;-;-
Приморский край (более точно регион не определён);2258;58;866,17;3,45;433,09;2
Приозерск;206;6;189,32;-;-;-
Приозерский район (более точно регион не определён);310;6;89,98;-;-;-
Прокопьевск;767;15;208,02;-;-;-
Протвино;438;3;51,06;-;-;-
Псков;2629;45;994,88;-;-;-
Псковская область (более точно регион не определён);1086;8;163,7;-;-;-
Пушкин;593;13;290,51;-;-;-
Пушкино;1166;38;796,47;5,26;398,23;2
Пушкинский район (более точно регион не определён);918;19;293,92;-;-;-
Пушкинский район (более точно регион не определён);530;15;217,77;6,67;217,77;1
Пущино;194;5;39,92;-;-;-
Пыть-Ях;210;5;180,47;-;-;-
Пятигорск;3046;55;1551,7;5,45;517,23;3
Радужный;180;5;89,02;-;-;-
Район Печора (более точно регион не определён);16;0;0;-;-;-
Раменский район (более точно регион не определён);2065;51;950,34;1,96;950,34;1
Раменское;1179;22;301,95;-;-;-
Ревда;516;8;124,31;-;-;-
Реж;140;5;118,39;-;-;-
Республика Адыгея (более точно регион не определён);1484;31;441,53;-;-;-
Республика Алтай (более точно регион не определён);456;12;187,71;-;-;-
Республика Башкортостан (более точно регион не определён);5475;162;3626,97;1,23;1813,49;2
Республика Бурятия (более точно регион не определён);1173;18;287,46;-;-;-
Республика Дагестан (более точно регион не определён);2253;41;928,73;2,44;928,73;1
Республика Ингушетия (более точно регион не определён);542;14;452,11;7,14;452,11;1
Республика Калмыкия (более точно регион не определён);220;4;41,13;-;-;-
Республика Каракалпакстан (более точно регион не определён);12;2;42,41;-;-;-
Республика Карелия (более точно регион не определён);1018;17;176,11;-;-;-
Республика Коми (более точно регион не определён);1658;29;402,81;-;-;-
Республика Крым (более точно регион не определён);8555;158;2956,46;0,63;2956,46;1
Республика Марий Эл (более точно регион не определён);749;17;313,5;-;-;-
Республика Мордовия (более точно регион не определён);879;18;224,19;5,56;224,19;1
Республика Саха (Якутия) (более точно регион не определён);1571;39;869,1;-;-;-
Республика Северная Осетия ? Алания (более точно регион не определён);1360;21;393,56;-;-;-
Республика Татарстан (более точно регион не определён);5465;126;2226,41;-;-;-
Республика Тыва (более точно регион не определён);230;7;194,76;-;-;-
Республика Хакасия (более точно регион не определён);2252;28;494,19;-;-;-
Реутов;1087;33;959,43;-;-;-
Ржев;420;6;73,39;-;-;-
Россия (более точно регион не определён);21697;262;3829,12;0,76;1914,56;2
Россошанский район (более точно регион не определён);33;0;0;-;-;-
Россошь;480;13;120,04;-;-;-
Ростов-на-Дону;14760;370;10201,25;2,7;1020,12;10
Ростовская область (более точно регион не определён);6542;130;1959,81;0,77;1959,81;1
Рубцовск;549;11;248,99;9,09;248,99;1
Рудный;13860;43;295,78;-;-;-
Руза;118;3;138,36;-;-;-
Рузаевка;231;8;159,81;-;-;-
Рузский городской округ (более точно регион не определён);643;25;544,81;-;-;-
Рыбинск;2204;34;574,72;-;-;-
Рязань;7690;196;4535,13;0,51;4535,13;1
Рязанская область (более точно регион не определён);3217;77;1622,88;1,3;1622,88;1
Сайрамский район;1810;12;241,13;-;-;-
Саки;937;27;806,31;3,7;806,31;1
Салават;967;22;458,57;-;-;-
Салехард;1052;27;714,7;-;-;-
Самара;15669;371;7623,23;0,54;3811,61;2
Самарская область (более точно регион не определён);7073;126;2617,73;1,59;1308,87;2
Санкт-Петербург (более точно регион не определён);62641;1483;40251,23;0,4;6708,54;6
Санкт-Петербург и Ленинградская область (более точно регион не определён);2238;56;944,1;1,79;944,1;1
Саранск;2875;56;1032,41;1,79;1032,41;1
Сарапул;772;19;224,76;-;-;-
Саратов;13624;228;4503,37;0,44;4503,37;1
Саратовская область (более точно регион не определён);3495;84;1503,26;-;-;-
Саров;855;23;346,81;-;-;-
Сарыагашский район;2153;16;258,53;6,25;258,53;1
Сатка;312;4;45,38;25;45,38;1
Саткинский район (более точно регион не определён);80;5;123,34;-;-;-
Свободный;200;4;32,32;-;-;-
Севастополь;7729;153;4790,63;-;-;-
Северо-Запад (более точно регион не определён);41;0;0;-;-;-
Северный Кавказ (более точно регион не определён);2;0;0;-;-;-
Северо-Казахстанская область (более точно регион не определён);10195;26;114,46;-;-;-
Северобайкальск;250;1;46,2;-;-;-
Северодвинск;1585;28;549,46;-;-;-
Североуральск;275;6;88,75;-;-;-
Северск;854;15;106,56;-;-;-
Сегежа;140;9;237,05;-;-;-
Сегежский район (более точно регион не определён);23;1;4,44;-;-;-
Семей;28250;103;921,29;-;-;-
Сергиев Посад;1399;21;368,64;-;-;-
Сергиево-Посадский район (более точно регион не определён);713;14;447,48;-;-;-
Серов;520;16;337,94;12,5;168,97;2
Серпухов;1054;21;460,57;4,76;460,57;1
Сибай;242;3;214,89;-;-;-
Сибирь (более точно регион не определён);1318;24;158,47;-;-;-
Симферополь;4955;76;1778,74;-;-;-
Славянск-на-Кубани;367;8;81,31;-;-;-
Славянский район (более точно регион не определён);102;4;63,23;-;-;-
Сланцевский район (более точно регион не определён);33;1;6,39;-;-;-
Сланцы;198;4;27,64;-;-;-
Смоленск;3720;76;2065,66;-;-;-
Смоленская область (более точно регион не определён);2274;54;872,34;-;-;-
Снежинск;430;12;178,36;-;-;-
Советск;264;3;74,73;-;-;-
Соликамск;550;5;153,07;-;-;-
Солнечногорск;610;18;250,62;-;-;-
Солнечногорский район (более точно регион не определён);1794;43;738,8;-;-;-
Сортавала;239;2;61,84;-;-;-
Сортавальский район (более точно регион не определён);11;0;0;-;-;-
Сосновый Бор;713;10;217,79;-;-;-
Сочи;9375;206;4970,15;3,4;710,02;7
Спасск-Дальний;215;2;21,46;-;-;-
Ставрополь;7457;154;2979,56;-;-;-
Ставропольский край (более точно регион не определён);7103;126;2475,61;0,79;2475,61;1
Старая Купавна;192;7;188,1;-;-;-
Старая Русса;301;4;41,04;-;-;-
Старорусский район (более точно регион не определён);22;0;0;-;-;-
Старый Оскол;1657;24;534,56;4,17;534,56;1
Стерлитамак;1706;62;1851,31;-;-;-
Стрежевой;140;3;90,94;33,33;90,94;1
Строитель;219;5;68,58;-;-;-
Ступино;535;15;355,86;-;-;-
Судак;286;6;133,03;-;-;-
Сургут;3416;62;1399,55;1,61;1399,55;1
Сурхандарьинская область (более точно регион не определён);14;1;22,59;-;-;-
Сызрань;1203;20;319,71;-;-;-
Сыктывкар;4782;111;2851,71;0,9;2851,71;1
Сырдарьинская область;10;0;0;-;-;-
Таганрог;3869;69;1469,76;-;-;-
Таджикистан (более точно регион не определён);54092;164;1061,34;1,83;353,78;3
Тайшет;181;4;22,84;-;-;-
Тайшетский район (более точно регион не определён);68;1;24,8;-;-;-
Талгарский район;9416;54;542,61;1,85;542,61;1
Талдыкорган;14697;67;553,42;-;-;-
Алматы и область (более точно регион не определён);7179;35;320,13;-;-;-
Тамбов;4032;84;1829,08;-;-;-
Тамбовская область (более точно регион не определён);3048;43;914,66;2,33;914,66;1
Тараз;34138;132;1561,61;-;-;-
Тараз и Жамбылская область (более точно регион не определён);8602;27;298,73;-;-;-
Ташкент;639;44;1110,94;4,55;555,47;2
Ташкентская область (более точно регион не определён);42;3;136,19;-;-;-
Тверь;5979;105;2549,5;-;-;-
Тверская область (более точно регион не определён);2101;44;733,87;-;-;-
Темиртау;13064;67;590,27;-;-;-
Термез;5;0;0;-;-;-
Тимашевск;414;2;36,29;-;-;-
Тимашевский район (более точно регион не определён);155;4;35,5;-;-;-
Тихвин;331;4;69,18;-;-;-
Тихвинский район (более точно регион не определён);19;0;0;-;-;-
Тихорецк;707;19;666,52;-;-;-
Тихорецкий район (более точно регион не определён);220;3;24,46;-;-;-
Тобольск;580;14;259,3;-;-;-
Толебийский район;1178;2;38,73;-;-;-
Тольятти;7746;130;2316,88;-;-;-
Томск;5953;121;3069,37;0,83;3069,37;1
Томская область (более точно регион не определён);1186;16;376,99;-;-;-
Тосненский район (более точно регион не определён);579;18;253,35;-;-;-
Тосно;267;5;113,25;-;-;-
Троицк;356;17;459,95;5,88;459,95;1
Троицк;324;5;123,63;-;-;-
Туапсе;652;7;153,64;-;-;-
Туапсинский район (более точно регион не определён);772;17;449,19;5,88;449,19;1
Туймазинский район (более точно регион не определён);173;6;57,95;-;-;-
Туймазы;385;8;182,46;-;-;-
Тула;6341;126;2280,8;1,59;1140,4;2
Тульская область (более точно регион не определён);3730;80;1261,07;3,75;420,36;3
Тулун;134;5;29,37;-;-;-
Туркестан;7637;40;491,69;-;-;-
Туркестан и область (более точно регион не определён);6026;24;198,57;-;-;-
Тутаев;233;4;45,86;-;-;-
Тутаевский район (более точно регион не определён);83;1;1,25;-;-;-
Тында;190;5;87,05;-;-;-
Тюлькубасский район;1105;9;88,75;-;-;-
Тюмень;8416;187;4716,31;1,6;1572,1;3
Тюменская область (более точно регион не определён);2222;51;1340,2;1,96;1340,2;1
Углич;255;4;91,89;-;-;-
Угличский район (более точно регион не определён);68;2;16,22;-;-;-
Удмуртская Республика (более точно регион не определён);1971;42;772,44;-;-;-
Удомельский район (более точно регион не определён);21;0;0;-;-;-
Удомля;229;0;0;-;-;-
Узбекистан (более точно регион не определён);22;3;102,4;-;-;-
Улан-Удэ;3972;97;2078,74;-;-;-
Ульяновск;8851;149;3140,33;-;-;-
Ульяновская область (более точно регион не определён);1775;44;1131,01;-;-;-
Урай;420;9;339,9;22,22;169,95;2
Урал (более точно регион не определён);1092;18;121,96;-;-;-
Урюпинск;197;5;63,24;-;-;-
Усинск;408;4;72,99;-;-;-
Усолье-Сибирское;446;10;64,42;-;-;-
Уссурийск;771;10;424,3;-;-;-
Усть-Баргузин;7;0;0;-;-;-
Усть-Илимск;467;8;211,88;-;-;-
Усть-Каменогорск;48662;183;1481,23;1,09;740,61;2
Усть-Катав;199;4;49,65;-;-;-
Усть-Кут;423;2;39,04;-;-;-
Усть-Кутский район (более точно регион не определён);9;0;0;-;-;-
Уфа;15108;709;18981,09;1,41;1898,11;10
Ухта;1054;10;232,18;-;-;-
Учалинский район (более точно регион не определён);50;1;46,86;-;-;-
Учалы;204;13;154,43;-;-;-
Феодосия;1291;11;248,1;-;-;-
Фрязино;1411;61;1729,93;-;-;-
Хабаровск;5178;158;4043,07;1,27;2021,53;2
Хабаровский край (более точно регион не определён);1250;29;711,13;-;-;-
Ханты-Мансийск;1513;30;579,25;3,33;579,25;1
Ханты-Мансийский автономный округ - Югра (более точно регион не определён);2438;48;1163,12;2,08;1163,12;1
Хасавюрт;365;9;145,75;-;-;-
Химки;3489;99;1617,36;-;-;-
Ходжейли;12;0;0;-;-;-
Ходжейлийский район (более точно регион не определён);1;0;0;-;-;-
Хотьково;98;2;12,86;-;-;-
Центр (более точно регион не определён);1014;15;96,75;-;-;-
Чайковский;798;19;549;5,26;549;1
Чайковский район (более точно регион не определён);261;5;101,87;-;-;-
Чебаркуль;390;7;165,51;-;-;-
Чебоксары;4569;110;2520,97;0,91;2520,97;1
Челябинск;13945;301;7668,12;1,33;1917,03;4
Челябинская область (более точно регион не определён);3999;71;1248,73;1,41;1248,73;1
Черемхово;186;2;14,59;-;-;-
Череповец;2924;55;1085,28;1,82;1085,28;1
Черкесск;1484;36;884,31;-;-;-
Черноголовка;294;9;96,93;-;-;-
Чехов;649;12;165,95;-;-;-
Чеченская Республика (более точно регион не определён);683;14;292,09;-;-;-
Чирчик;12;0;0;-;-;-
Чистополь;223;6;108,92;-;-;-
Чита;4161;79;1381,13;-;-;-
Чувашская Республика (более точно регион не определён);1448;34;783,29;2,94;783,29;1
Шадринск;406;6;205,7;16,67;205,7;1
Шардаринский район;354;1;3,3;-;-;-
Шатура;143;3;8,65;-;-;-
Шахты;1464;24;547,7;-;-;-
Шебекино;166;2;57,15;-;-;-
Шебекинский район (более точно регион не определён);177;2;8,65;-;-;-
Шумерля;111;9;61,94;-;-;-
Шуя;270;4;66,58;-;-;-
Шымкент;61247;293;3109,42;2,05;518,24;6
Щербинка;388;15;363,6;6,67;363,6;1
Щёлкино;128;2;6,36;-;-;-
Щёлково;1201;21;378,92;-;-;-
Щёлковский район (более точно регион не определён);802;17;510,52;-;-;-
Экибастуз;9374;42;373,98;4,76;186,99;2
Электросталь;1268;24;596,47;-;-;-
Электроугли;87;3;145,8;-;-;-
Элиста;1087;27;592,33;-;-;-
Энгельс;2225;30;587,88;-;-;-
Энгельсский район (более точно регион не определён);284;3;86,04;-;-;-
Югорск;594;9;226,93;-;-;-
Южно-Сахалинск;2684;63;1546,67;-;-;-
Сахалинская область (более точно регион не определён);1594;20;360,73;-;-;-
Южноуральск;163;3;40,01;-;-;-
Юг (более точно регион не определён);643;9;113,42;-;-;-
Юрга;285;7;137,07;-;-;-
Яковлевский район (более точно регион не определён);124;2;5,32;-;-;-
Якутск;3231;70;2076,45;2,86;1038,22;2
Ялта;1800;27;461,11;-;-;-
Ялуторовск;358;11;185,13;-;-;-
Ямало-Ненецкий автономный округ (более точно регион не определён);1305;34;856,39;-;-;-
Ярославль;7534;165;2753,01;1,21;1376,51;2
Ярославская область (более точно регион не определён);2733;52;992,71;-;-;-
Ярцево;312;6;232,41;-;-;-
Ярцевский район (более точно регион не определён);55;1;48,11;-;-;-
